param_id,k_range,ksd_range,m,a_range,b_range,g,z,t,n,s,add_space_range,l
k50ksd25kmin17kmax200l1700m250a0.1b0.1g1z2000zsd1000zmin1500zmax2500t20n20000s33h0,50,25,250,0.1,0.1,1,2000,20,20000,33,0,1700
k50ksd25kmin17kmax200l1700m250a0.1b0.1g1z2000zsd1000zmin1500zmax2500t20n20000s33h17,50,25,250,0.1,0.1,1,2000,20,20000,33,17,1700
k50ksd25kmin17kmax200l1700m250a0.1b0.1g1z2000zsd1000zmin1500zmax2500t20n20000s33h37,50,25,250,0.1,0.1,1,2000,20,20000,33,37,1700
k50ksd25kmin17kmax200l1700m250a0.1b1g1z2000zsd1000zmin1500zmax2500t20n20000s33h0,50,25,250,0.1,1,1,2000,20,20000,33,0,1700
k50ksd25kmin17kmax200l1700m250a0.1b1g1z2000zsd1000zmin1500zmax2500t20n20000s33h17,50,25,250,0.1,1,1,2000,20,20000,33,17,1700
k50ksd25kmin17kmax200l1700m250a0.1b1g1z2000zsd1000zmin1500zmax2500t20n20000s33h37,50,25,250,0.1,1,1,2000,20,20000,33,37,1700
k50ksd25kmin17kmax200l1700m250a0.1b10g1z2000zsd1000zmin1500zmax2500t20n20000s33h0,50,25,250,0.1,10,1,2000,20,20000,33,0,1700
k50ksd25kmin17kmax200l1700m250a0.1b10g1z2000zsd1000zmin1500zmax2500t20n20000s33h17,50,25,250,0.1,10,1,2000,20,20000,33,17,1700
k50ksd25kmin17kmax200l1700m250a0.1b10g1z2000zsd1000zmin1500zmax2500t20n20000s33h37,50,25,250,0.1,10,1,2000,20,20000,33,37,1700
k50ksd25kmin17kmax200l1700m250a0.1b50g1z2000zsd1000zmin1500zmax2500t20n20000s33h0,50,25,250,0.1,50,1,2000,20,20000,33,0,1700
k50ksd25kmin17kmax200l1700m250a0.1b50g1z2000zsd1000zmin1500zmax2500t20n20000s33h17,50,25,250,0.1,50,1,2000,20,20000,33,17,1700
k50ksd25kmin17kmax200l1700m250a0.1b50g1z2000zsd1000zmin1500zmax2500t20n20000s33h37,50,25,250,0.1,50,1,2000,20,20000,33,37,1700
k50ksd25kmin17kmax200l1700m250a0.1b100g1z2000zsd1000zmin1500zmax2500t20n20000s33h0,50,25,250,0.1,100,1,2000,20,20000,33,0,1700
k50ksd25kmin17kmax200l1700m250a0.1b100g1z2000zsd1000zmin1500zmax2500t20n20000s33h17,50,25,250,0.1,100,1,2000,20,20000,33,17,1700
k50ksd25kmin17kmax200l1700m250a0.1b100g1z2000zsd1000zmin1500zmax2500t20n20000s33h37,50,25,250,0.1,100,1,2000,20,20000,33,37,1700
k50ksd25kmin17kmax200l1700m250a0.1b1000g1z2000zsd1000zmin1500zmax2500t20n20000s33h0,50,25,250,0.1,1000,1,2000,20,20000,33,0,1700
k50ksd25kmin17kmax200l1700m250a0.1b1000g1z2000zsd1000zmin1500zmax2500t20n20000s33h17,50,25,250,0.1,1000,1,2000,20,20000,33,17,1700
k50ksd25kmin17kmax200l1700m250a0.1b1000g1z2000zsd1000zmin1500zmax2500t20n20000s33h37,50,25,250,0.1,1000,1,2000,20,20000,33,37,1700
k50ksd25kmin17kmax200l1700m250a1b0.1g1z2000zsd1000zmin1500zmax2500t20n20000s33h0,50,25,250,1,0.1,1,2000,20,20000,33,0,1700
k50ksd25kmin17kmax200l1700m250a1b0.1g1z2000zsd1000zmin1500zmax2500t20n20000s33h17,50,25,250,1,0.1,1,2000,20,20000,33,17,1700
k50ksd25kmin17kmax200l1700m250a1b0.1g1z2000zsd1000zmin1500zmax2500t20n20000s33h37,50,25,250,1,0.1,1,2000,20,20000,33,37,1700
k50ksd25kmin17kmax200l1700m250a1b1g1z2000zsd1000zmin1500zmax2500t20n20000s33h0,50,25,250,1,1,1,2000,20,20000,33,0,1700
k50ksd25kmin17kmax200l1700m250a1b1g1z2000zsd1000zmin1500zmax2500t20n20000s33h17,50,25,250,1,1,1,2000,20,20000,33,17,1700
k50ksd25kmin17kmax200l1700m250a1b1g1z2000zsd1000zmin1500zmax2500t20n20000s33h37,50,25,250,1,1,1,2000,20,20000,33,37,1700
k50ksd25kmin17kmax200l1700m250a1b10g1z2000zsd1000zmin1500zmax2500t20n20000s33h0,50,25,250,1,10,1,2000,20,20000,33,0,1700
k50ksd25kmin17kmax200l1700m250a1b10g1z2000zsd1000zmin1500zmax2500t20n20000s33h17,50,25,250,1,10,1,2000,20,20000,33,17,1700
k50ksd25kmin17kmax200l1700m250a1b10g1z2000zsd1000zmin1500zmax2500t20n20000s33h37,50,25,250,1,10,1,2000,20,20000,33,37,1700
k50ksd25kmin17kmax200l1700m250a1b50g1z2000zsd1000zmin1500zmax2500t20n20000s33h0,50,25,250,1,50,1,2000,20,20000,33,0,1700
k50ksd25kmin17kmax200l1700m250a1b50g1z2000zsd1000zmin1500zmax2500t20n20000s33h17,50,25,250,1,50,1,2000,20,20000,33,17,1700
k50ksd25kmin17kmax200l1700m250a1b50g1z2000zsd1000zmin1500zmax2500t20n20000s33h37,50,25,250,1,50,1,2000,20,20000,33,37,1700
k50ksd25kmin17kmax200l1700m250a1b100g1z2000zsd1000zmin1500zmax2500t20n20000s33h0,50,25,250,1,100,1,2000,20,20000,33,0,1700
k50ksd25kmin17kmax200l1700m250a1b100g1z2000zsd1000zmin1500zmax2500t20n20000s33h17,50,25,250,1,100,1,2000,20,20000,33,17,1700
k50ksd25kmin17kmax200l1700m250a1b100g1z2000zsd1000zmin1500zmax2500t20n20000s33h37,50,25,250,1,100,1,2000,20,20000,33,37,1700
k50ksd25kmin17kmax200l1700m250a1b1000g1z2000zsd1000zmin1500zmax2500t20n20000s33h0,50,25,250,1,1000,1,2000,20,20000,33,0,1700
k50ksd25kmin17kmax200l1700m250a1b1000g1z2000zsd1000zmin1500zmax2500t20n20000s33h17,50,25,250,1,1000,1,2000,20,20000,33,17,1700
k50ksd25kmin17kmax200l1700m250a1b1000g1z2000zsd1000zmin1500zmax2500t20n20000s33h37,50,25,250,1,1000,1,2000,20,20000,33,37,1700
k50ksd25kmin17kmax200l1700m250a10b0.1g1z2000zsd1000zmin1500zmax2500t20n20000s33h0,50,25,250,10,0.1,1,2000,20,20000,33,0,1700
k50ksd25kmin17kmax200l1700m250a10b0.1g1z2000zsd1000zmin1500zmax2500t20n20000s33h17,50,25,250,10,0.1,1,2000,20,20000,33,17,1700
k50ksd25kmin17kmax200l1700m250a10b0.1g1z2000zsd1000zmin1500zmax2500t20n20000s33h37,50,25,250,10,0.1,1,2000,20,20000,33,37,1700
k50ksd25kmin17kmax200l1700m250a10b1g1z2000zsd1000zmin1500zmax2500t20n20000s33h0,50,25,250,10,1,1,2000,20,20000,33,0,1700
k50ksd25kmin17kmax200l1700m250a10b1g1z2000zsd1000zmin1500zmax2500t20n20000s33h17,50,25,250,10,1,1,2000,20,20000,33,17,1700
k50ksd25kmin17kmax200l1700m250a10b1g1z2000zsd1000zmin1500zmax2500t20n20000s33h37,50,25,250,10,1,1,2000,20,20000,33,37,1700
k50ksd25kmin17kmax200l1700m250a10b10g1z2000zsd1000zmin1500zmax2500t20n20000s33h0,50,25,250,10,10,1,2000,20,20000,33,0,1700
k50ksd25kmin17kmax200l1700m250a10b10g1z2000zsd1000zmin1500zmax2500t20n20000s33h17,50,25,250,10,10,1,2000,20,20000,33,17,1700
k50ksd25kmin17kmax200l1700m250a10b10g1z2000zsd1000zmin1500zmax2500t20n20000s33h37,50,25,250,10,10,1,2000,20,20000,33,37,1700
k50ksd25kmin17kmax200l1700m250a10b50g1z2000zsd1000zmin1500zmax2500t20n20000s33h0,50,25,250,10,50,1,2000,20,20000,33,0,1700
k50ksd25kmin17kmax200l1700m250a10b50g1z2000zsd1000zmin1500zmax2500t20n20000s33h17,50,25,250,10,50,1,2000,20,20000,33,17,1700
k50ksd25kmin17kmax200l1700m250a10b50g1z2000zsd1000zmin1500zmax2500t20n20000s33h37,50,25,250,10,50,1,2000,20,20000,33,37,1700
k50ksd25kmin17kmax200l1700m250a10b100g1z2000zsd1000zmin1500zmax2500t20n20000s33h0,50,25,250,10,100,1,2000,20,20000,33,0,1700
k50ksd25kmin17kmax200l1700m250a10b100g1z2000zsd1000zmin1500zmax2500t20n20000s33h17,50,25,250,10,100,1,2000,20,20000,33,17,1700
k50ksd25kmin17kmax200l1700m250a10b100g1z2000zsd1000zmin1500zmax2500t20n20000s33h37,50,25,250,10,100,1,2000,20,20000,33,37,1700
k50ksd25kmin17kmax200l1700m250a10b1000g1z2000zsd1000zmin1500zmax2500t20n20000s33h0,50,25,250,10,1000,1,2000,20,20000,33,0,1700
k50ksd25kmin17kmax200l1700m250a10b1000g1z2000zsd1000zmin1500zmax2500t20n20000s33h17,50,25,250,10,1000,1,2000,20,20000,33,17,1700
k50ksd25kmin17kmax200l1700m250a10b1000g1z2000zsd1000zmin1500zmax2500t20n20000s33h37,50,25,250,10,1000,1,2000,20,20000,33,37,1700
k50ksd25kmin17kmax200l1700m250a50b0.1g1z2000zsd1000zmin1500zmax2500t20n20000s33h0,50,25,250,50,0.1,1,2000,20,20000,33,0,1700
k50ksd25kmin17kmax200l1700m250a50b0.1g1z2000zsd1000zmin1500zmax2500t20n20000s33h17,50,25,250,50,0.1,1,2000,20,20000,33,17,1700
k50ksd25kmin17kmax200l1700m250a50b0.1g1z2000zsd1000zmin1500zmax2500t20n20000s33h37,50,25,250,50,0.1,1,2000,20,20000,33,37,1700
k50ksd25kmin17kmax200l1700m250a50b1g1z2000zsd1000zmin1500zmax2500t20n20000s33h0,50,25,250,50,1,1,2000,20,20000,33,0,1700
k50ksd25kmin17kmax200l1700m250a50b1g1z2000zsd1000zmin1500zmax2500t20n20000s33h17,50,25,250,50,1,1,2000,20,20000,33,17,1700
k50ksd25kmin17kmax200l1700m250a50b1g1z2000zsd1000zmin1500zmax2500t20n20000s33h37,50,25,250,50,1,1,2000,20,20000,33,37,1700
k50ksd25kmin17kmax200l1700m250a50b10g1z2000zsd1000zmin1500zmax2500t20n20000s33h0,50,25,250,50,10,1,2000,20,20000,33,0,1700
k50ksd25kmin17kmax200l1700m250a50b10g1z2000zsd1000zmin1500zmax2500t20n20000s33h17,50,25,250,50,10,1,2000,20,20000,33,17,1700
k50ksd25kmin17kmax200l1700m250a50b10g1z2000zsd1000zmin1500zmax2500t20n20000s33h37,50,25,250,50,10,1,2000,20,20000,33,37,1700
k50ksd25kmin17kmax200l1700m250a50b50g1z2000zsd1000zmin1500zmax2500t20n20000s33h0,50,25,250,50,50,1,2000,20,20000,33,0,1700
k50ksd25kmin17kmax200l1700m250a50b50g1z2000zsd1000zmin1500zmax2500t20n20000s33h17,50,25,250,50,50,1,2000,20,20000,33,17,1700
k50ksd25kmin17kmax200l1700m250a50b50g1z2000zsd1000zmin1500zmax2500t20n20000s33h37,50,25,250,50,50,1,2000,20,20000,33,37,1700
k50ksd25kmin17kmax200l1700m250a50b100g1z2000zsd1000zmin1500zmax2500t20n20000s33h0,50,25,250,50,100,1,2000,20,20000,33,0,1700
k50ksd25kmin17kmax200l1700m250a50b100g1z2000zsd1000zmin1500zmax2500t20n20000s33h17,50,25,250,50,100,1,2000,20,20000,33,17,1700
k50ksd25kmin17kmax200l1700m250a50b100g1z2000zsd1000zmin1500zmax2500t20n20000s33h37,50,25,250,50,100,1,2000,20,20000,33,37,1700
k50ksd25kmin17kmax200l1700m250a50b1000g1z2000zsd1000zmin1500zmax2500t20n20000s33h0,50,25,250,50,1000,1,2000,20,20000,33,0,1700
k50ksd25kmin17kmax200l1700m250a50b1000g1z2000zsd1000zmin1500zmax2500t20n20000s33h17,50,25,250,50,1000,1,2000,20,20000,33,17,1700
k50ksd25kmin17kmax200l1700m250a50b1000g1z2000zsd1000zmin1500zmax2500t20n20000s33h37,50,25,250,50,1000,1,2000,20,20000,33,37,1700
k50ksd25kmin17kmax200l1700m250a100b0.1g1z2000zsd1000zmin1500zmax2500t20n20000s33h0,50,25,250,100,0.1,1,2000,20,20000,33,0,1700
k50ksd25kmin17kmax200l1700m250a100b0.1g1z2000zsd1000zmin1500zmax2500t20n20000s33h17,50,25,250,100,0.1,1,2000,20,20000,33,17,1700
k50ksd25kmin17kmax200l1700m250a100b0.1g1z2000zsd1000zmin1500zmax2500t20n20000s33h37,50,25,250,100,0.1,1,2000,20,20000,33,37,1700
k50ksd25kmin17kmax200l1700m250a100b1g1z2000zsd1000zmin1500zmax2500t20n20000s33h0,50,25,250,100,1,1,2000,20,20000,33,0,1700
k50ksd25kmin17kmax200l1700m250a100b1g1z2000zsd1000zmin1500zmax2500t20n20000s33h17,50,25,250,100,1,1,2000,20,20000,33,17,1700
k50ksd25kmin17kmax200l1700m250a100b1g1z2000zsd1000zmin1500zmax2500t20n20000s33h37,50,25,250,100,1,1,2000,20,20000,33,37,1700
k50ksd25kmin17kmax200l1700m250a100b10g1z2000zsd1000zmin1500zmax2500t20n20000s33h0,50,25,250,100,10,1,2000,20,20000,33,0,1700
k50ksd25kmin17kmax200l1700m250a100b10g1z2000zsd1000zmin1500zmax2500t20n20000s33h17,50,25,250,100,10,1,2000,20,20000,33,17,1700
k50ksd25kmin17kmax200l1700m250a100b10g1z2000zsd1000zmin1500zmax2500t20n20000s33h37,50,25,250,100,10,1,2000,20,20000,33,37,1700
k50ksd25kmin17kmax200l1700m250a100b50g1z2000zsd1000zmin1500zmax2500t20n20000s33h0,50,25,250,100,50,1,2000,20,20000,33,0,1700
k50ksd25kmin17kmax200l1700m250a100b50g1z2000zsd1000zmin1500zmax2500t20n20000s33h17,50,25,250,100,50,1,2000,20,20000,33,17,1700
k50ksd25kmin17kmax200l1700m250a100b50g1z2000zsd1000zmin1500zmax2500t20n20000s33h37,50,25,250,100,50,1,2000,20,20000,33,37,1700
k50ksd25kmin17kmax200l1700m250a100b100g1z2000zsd1000zmin1500zmax2500t20n20000s33h0,50,25,250,100,100,1,2000,20,20000,33,0,1700
k50ksd25kmin17kmax200l1700m250a100b100g1z2000zsd1000zmin1500zmax2500t20n20000s33h17,50,25,250,100,100,1,2000,20,20000,33,17,1700
k50ksd25kmin17kmax200l1700m250a100b100g1z2000zsd1000zmin1500zmax2500t20n20000s33h37,50,25,250,100,100,1,2000,20,20000,33,37,1700
k50ksd25kmin17kmax200l1700m250a100b1000g1z2000zsd1000zmin1500zmax2500t20n20000s33h0,50,25,250,100,1000,1,2000,20,20000,33,0,1700
k50ksd25kmin17kmax200l1700m250a100b1000g1z2000zsd1000zmin1500zmax2500t20n20000s33h17,50,25,250,100,1000,1,2000,20,20000,33,17,1700
k50ksd25kmin17kmax200l1700m250a100b1000g1z2000zsd1000zmin1500zmax2500t20n20000s33h37,50,25,250,100,1000,1,2000,20,20000,33,37,1700
k50ksd25kmin17kmax200l1700m250a1000b0.1g1z2000zsd1000zmin1500zmax2500t20n20000s33h0,50,25,250,1000,0.1,1,2000,20,20000,33,0,1700
k50ksd25kmin17kmax200l1700m250a1000b0.1g1z2000zsd1000zmin1500zmax2500t20n20000s33h17,50,25,250,1000,0.1,1,2000,20,20000,33,17,1700
k50ksd25kmin17kmax200l1700m250a1000b0.1g1z2000zsd1000zmin1500zmax2500t20n20000s33h37,50,25,250,1000,0.1,1,2000,20,20000,33,37,1700
k50ksd25kmin17kmax200l1700m250a1000b1g1z2000zsd1000zmin1500zmax2500t20n20000s33h0,50,25,250,1000,1,1,2000,20,20000,33,0,1700
k50ksd25kmin17kmax200l1700m250a1000b1g1z2000zsd1000zmin1500zmax2500t20n20000s33h17,50,25,250,1000,1,1,2000,20,20000,33,17,1700
k50ksd25kmin17kmax200l1700m250a1000b1g1z2000zsd1000zmin1500zmax2500t20n20000s33h37,50,25,250,1000,1,1,2000,20,20000,33,37,1700
k50ksd25kmin17kmax200l1700m250a1000b10g1z2000zsd1000zmin1500zmax2500t20n20000s33h0,50,25,250,1000,10,1,2000,20,20000,33,0,1700
k50ksd25kmin17kmax200l1700m250a1000b10g1z2000zsd1000zmin1500zmax2500t20n20000s33h17,50,25,250,1000,10,1,2000,20,20000,33,17,1700
k50ksd25kmin17kmax200l1700m250a1000b10g1z2000zsd1000zmin1500zmax2500t20n20000s33h37,50,25,250,1000,10,1,2000,20,20000,33,37,1700
k50ksd25kmin17kmax200l1700m250a1000b50g1z2000zsd1000zmin1500zmax2500t20n20000s33h0,50,25,250,1000,50,1,2000,20,20000,33,0,1700
k50ksd25kmin17kmax200l1700m250a1000b50g1z2000zsd1000zmin1500zmax2500t20n20000s33h17,50,25,250,1000,50,1,2000,20,20000,33,17,1700
k50ksd25kmin17kmax200l1700m250a1000b50g1z2000zsd1000zmin1500zmax2500t20n20000s33h37,50,25,250,1000,50,1,2000,20,20000,33,37,1700
k50ksd25kmin17kmax200l1700m250a1000b100g1z2000zsd1000zmin1500zmax2500t20n20000s33h0,50,25,250,1000,100,1,2000,20,20000,33,0,1700
k50ksd25kmin17kmax200l1700m250a1000b100g1z2000zsd1000zmin1500zmax2500t20n20000s33h17,50,25,250,1000,100,1,2000,20,20000,33,17,1700
k50ksd25kmin17kmax200l1700m250a1000b100g1z2000zsd1000zmin1500zmax2500t20n20000s33h37,50,25,250,1000,100,1,2000,20,20000,33,37,1700
k50ksd25kmin17kmax200l1700m250a1000b1000g1z2000zsd1000zmin1500zmax2500t20n20000s33h0,50,25,250,1000,1000,1,2000,20,20000,33,0,1700
k50ksd25kmin17kmax200l1700m250a1000b1000g1z2000zsd1000zmin1500zmax2500t20n20000s33h17,50,25,250,1000,1000,1,2000,20,20000,33,17,1700
k50ksd25kmin17kmax200l1700m250a1000b1000g1z2000zsd1000zmin1500zmax2500t20n20000s33h37,50,25,250,1000,1000,1,2000,20,20000,33,37,1700
k70ksd25kmin17kmax200l1680m250a0.1b0.1g1z2000zsd1000zmin1500zmax2500t20n20000s33h0,70,25,250,0.1,0.1,1,2000,20,20000,33,0,1680
k70ksd25kmin17kmax200l1680m250a0.1b0.1g1z2000zsd1000zmin1500zmax2500t20n20000s33h17,70,25,250,0.1,0.1,1,2000,20,20000,33,17,1680
k70ksd25kmin17kmax200l1680m250a0.1b0.1g1z2000zsd1000zmin1500zmax2500t20n20000s33h37,70,25,250,0.1,0.1,1,2000,20,20000,33,37,1680
k70ksd25kmin17kmax200l1680m250a0.1b1g1z2000zsd1000zmin1500zmax2500t20n20000s33h0,70,25,250,0.1,1,1,2000,20,20000,33,0,1680
k70ksd25kmin17kmax200l1680m250a0.1b1g1z2000zsd1000zmin1500zmax2500t20n20000s33h17,70,25,250,0.1,1,1,2000,20,20000,33,17,1680
k70ksd25kmin17kmax200l1680m250a0.1b1g1z2000zsd1000zmin1500zmax2500t20n20000s33h37,70,25,250,0.1,1,1,2000,20,20000,33,37,1680
k70ksd25kmin17kmax200l1680m250a0.1b10g1z2000zsd1000zmin1500zmax2500t20n20000s33h0,70,25,250,0.1,10,1,2000,20,20000,33,0,1680
k70ksd25kmin17kmax200l1680m250a0.1b10g1z2000zsd1000zmin1500zmax2500t20n20000s33h17,70,25,250,0.1,10,1,2000,20,20000,33,17,1680
k70ksd25kmin17kmax200l1680m250a0.1b10g1z2000zsd1000zmin1500zmax2500t20n20000s33h37,70,25,250,0.1,10,1,2000,20,20000,33,37,1680
k70ksd25kmin17kmax200l1680m250a0.1b50g1z2000zsd1000zmin1500zmax2500t20n20000s33h0,70,25,250,0.1,50,1,2000,20,20000,33,0,1680
k70ksd25kmin17kmax200l1680m250a0.1b50g1z2000zsd1000zmin1500zmax2500t20n20000s33h17,70,25,250,0.1,50,1,2000,20,20000,33,17,1680
k70ksd25kmin17kmax200l1680m250a0.1b50g1z2000zsd1000zmin1500zmax2500t20n20000s33h37,70,25,250,0.1,50,1,2000,20,20000,33,37,1680
k70ksd25kmin17kmax200l1680m250a0.1b100g1z2000zsd1000zmin1500zmax2500t20n20000s33h0,70,25,250,0.1,100,1,2000,20,20000,33,0,1680
k70ksd25kmin17kmax200l1680m250a0.1b100g1z2000zsd1000zmin1500zmax2500t20n20000s33h17,70,25,250,0.1,100,1,2000,20,20000,33,17,1680
k70ksd25kmin17kmax200l1680m250a0.1b100g1z2000zsd1000zmin1500zmax2500t20n20000s33h37,70,25,250,0.1,100,1,2000,20,20000,33,37,1680
k70ksd25kmin17kmax200l1680m250a0.1b1000g1z2000zsd1000zmin1500zmax2500t20n20000s33h0,70,25,250,0.1,1000,1,2000,20,20000,33,0,1680
k70ksd25kmin17kmax200l1680m250a0.1b1000g1z2000zsd1000zmin1500zmax2500t20n20000s33h17,70,25,250,0.1,1000,1,2000,20,20000,33,17,1680
k70ksd25kmin17kmax200l1680m250a0.1b1000g1z2000zsd1000zmin1500zmax2500t20n20000s33h37,70,25,250,0.1,1000,1,2000,20,20000,33,37,1680
k70ksd25kmin17kmax200l1680m250a1b0.1g1z2000zsd1000zmin1500zmax2500t20n20000s33h0,70,25,250,1,0.1,1,2000,20,20000,33,0,1680
k70ksd25kmin17kmax200l1680m250a1b0.1g1z2000zsd1000zmin1500zmax2500t20n20000s33h17,70,25,250,1,0.1,1,2000,20,20000,33,17,1680
k70ksd25kmin17kmax200l1680m250a1b0.1g1z2000zsd1000zmin1500zmax2500t20n20000s33h37,70,25,250,1,0.1,1,2000,20,20000,33,37,1680
k70ksd25kmin17kmax200l1680m250a1b1g1z2000zsd1000zmin1500zmax2500t20n20000s33h0,70,25,250,1,1,1,2000,20,20000,33,0,1680
k70ksd25kmin17kmax200l1680m250a1b1g1z2000zsd1000zmin1500zmax2500t20n20000s33h17,70,25,250,1,1,1,2000,20,20000,33,17,1680
k70ksd25kmin17kmax200l1680m250a1b1g1z2000zsd1000zmin1500zmax2500t20n20000s33h37,70,25,250,1,1,1,2000,20,20000,33,37,1680
k70ksd25kmin17kmax200l1680m250a1b10g1z2000zsd1000zmin1500zmax2500t20n20000s33h0,70,25,250,1,10,1,2000,20,20000,33,0,1680
k70ksd25kmin17kmax200l1680m250a1b10g1z2000zsd1000zmin1500zmax2500t20n20000s33h17,70,25,250,1,10,1,2000,20,20000,33,17,1680
k70ksd25kmin17kmax200l1680m250a1b10g1z2000zsd1000zmin1500zmax2500t20n20000s33h37,70,25,250,1,10,1,2000,20,20000,33,37,1680
k70ksd25kmin17kmax200l1680m250a1b50g1z2000zsd1000zmin1500zmax2500t20n20000s33h0,70,25,250,1,50,1,2000,20,20000,33,0,1680
k70ksd25kmin17kmax200l1680m250a1b50g1z2000zsd1000zmin1500zmax2500t20n20000s33h17,70,25,250,1,50,1,2000,20,20000,33,17,1680
k70ksd25kmin17kmax200l1680m250a1b50g1z2000zsd1000zmin1500zmax2500t20n20000s33h37,70,25,250,1,50,1,2000,20,20000,33,37,1680
k70ksd25kmin17kmax200l1680m250a1b100g1z2000zsd1000zmin1500zmax2500t20n20000s33h0,70,25,250,1,100,1,2000,20,20000,33,0,1680
k70ksd25kmin17kmax200l1680m250a1b100g1z2000zsd1000zmin1500zmax2500t20n20000s33h17,70,25,250,1,100,1,2000,20,20000,33,17,1680
k70ksd25kmin17kmax200l1680m250a1b100g1z2000zsd1000zmin1500zmax2500t20n20000s33h37,70,25,250,1,100,1,2000,20,20000,33,37,1680
k70ksd25kmin17kmax200l1680m250a1b1000g1z2000zsd1000zmin1500zmax2500t20n20000s33h0,70,25,250,1,1000,1,2000,20,20000,33,0,1680
k70ksd25kmin17kmax200l1680m250a1b1000g1z2000zsd1000zmin1500zmax2500t20n20000s33h17,70,25,250,1,1000,1,2000,20,20000,33,17,1680
k70ksd25kmin17kmax200l1680m250a1b1000g1z2000zsd1000zmin1500zmax2500t20n20000s33h37,70,25,250,1,1000,1,2000,20,20000,33,37,1680
k70ksd25kmin17kmax200l1680m250a10b0.1g1z2000zsd1000zmin1500zmax2500t20n20000s33h0,70,25,250,10,0.1,1,2000,20,20000,33,0,1680
k70ksd25kmin17kmax200l1680m250a10b0.1g1z2000zsd1000zmin1500zmax2500t20n20000s33h17,70,25,250,10,0.1,1,2000,20,20000,33,17,1680
k70ksd25kmin17kmax200l1680m250a10b0.1g1z2000zsd1000zmin1500zmax2500t20n20000s33h37,70,25,250,10,0.1,1,2000,20,20000,33,37,1680
k70ksd25kmin17kmax200l1680m250a10b1g1z2000zsd1000zmin1500zmax2500t20n20000s33h0,70,25,250,10,1,1,2000,20,20000,33,0,1680
k70ksd25kmin17kmax200l1680m250a10b1g1z2000zsd1000zmin1500zmax2500t20n20000s33h17,70,25,250,10,1,1,2000,20,20000,33,17,1680
k70ksd25kmin17kmax200l1680m250a10b1g1z2000zsd1000zmin1500zmax2500t20n20000s33h37,70,25,250,10,1,1,2000,20,20000,33,37,1680
k70ksd25kmin17kmax200l1680m250a10b10g1z2000zsd1000zmin1500zmax2500t20n20000s33h0,70,25,250,10,10,1,2000,20,20000,33,0,1680
k70ksd25kmin17kmax200l1680m250a10b10g1z2000zsd1000zmin1500zmax2500t20n20000s33h17,70,25,250,10,10,1,2000,20,20000,33,17,1680
k70ksd25kmin17kmax200l1680m250a10b10g1z2000zsd1000zmin1500zmax2500t20n20000s33h37,70,25,250,10,10,1,2000,20,20000,33,37,1680
k70ksd25kmin17kmax200l1680m250a10b50g1z2000zsd1000zmin1500zmax2500t20n20000s33h0,70,25,250,10,50,1,2000,20,20000,33,0,1680
k70ksd25kmin17kmax200l1680m250a10b50g1z2000zsd1000zmin1500zmax2500t20n20000s33h17,70,25,250,10,50,1,2000,20,20000,33,17,1680
k70ksd25kmin17kmax200l1680m250a10b50g1z2000zsd1000zmin1500zmax2500t20n20000s33h37,70,25,250,10,50,1,2000,20,20000,33,37,1680
k70ksd25kmin17kmax200l1680m250a10b100g1z2000zsd1000zmin1500zmax2500t20n20000s33h0,70,25,250,10,100,1,2000,20,20000,33,0,1680
k70ksd25kmin17kmax200l1680m250a10b100g1z2000zsd1000zmin1500zmax2500t20n20000s33h17,70,25,250,10,100,1,2000,20,20000,33,17,1680
k70ksd25kmin17kmax200l1680m250a10b100g1z2000zsd1000zmin1500zmax2500t20n20000s33h37,70,25,250,10,100,1,2000,20,20000,33,37,1680
k70ksd25kmin17kmax200l1680m250a10b1000g1z2000zsd1000zmin1500zmax2500t20n20000s33h0,70,25,250,10,1000,1,2000,20,20000,33,0,1680
k70ksd25kmin17kmax200l1680m250a10b1000g1z2000zsd1000zmin1500zmax2500t20n20000s33h17,70,25,250,10,1000,1,2000,20,20000,33,17,1680
k70ksd25kmin17kmax200l1680m250a10b1000g1z2000zsd1000zmin1500zmax2500t20n20000s33h37,70,25,250,10,1000,1,2000,20,20000,33,37,1680
k70ksd25kmin17kmax200l1680m250a50b0.1g1z2000zsd1000zmin1500zmax2500t20n20000s33h0,70,25,250,50,0.1,1,2000,20,20000,33,0,1680
k70ksd25kmin17kmax200l1680m250a50b0.1g1z2000zsd1000zmin1500zmax2500t20n20000s33h17,70,25,250,50,0.1,1,2000,20,20000,33,17,1680
k70ksd25kmin17kmax200l1680m250a50b0.1g1z2000zsd1000zmin1500zmax2500t20n20000s33h37,70,25,250,50,0.1,1,2000,20,20000,33,37,1680
k70ksd25kmin17kmax200l1680m250a50b1g1z2000zsd1000zmin1500zmax2500t20n20000s33h0,70,25,250,50,1,1,2000,20,20000,33,0,1680
k70ksd25kmin17kmax200l1680m250a50b1g1z2000zsd1000zmin1500zmax2500t20n20000s33h17,70,25,250,50,1,1,2000,20,20000,33,17,1680
k70ksd25kmin17kmax200l1680m250a50b1g1z2000zsd1000zmin1500zmax2500t20n20000s33h37,70,25,250,50,1,1,2000,20,20000,33,37,1680
k70ksd25kmin17kmax200l1680m250a50b10g1z2000zsd1000zmin1500zmax2500t20n20000s33h0,70,25,250,50,10,1,2000,20,20000,33,0,1680
k70ksd25kmin17kmax200l1680m250a50b10g1z2000zsd1000zmin1500zmax2500t20n20000s33h17,70,25,250,50,10,1,2000,20,20000,33,17,1680
k70ksd25kmin17kmax200l1680m250a50b10g1z2000zsd1000zmin1500zmax2500t20n20000s33h37,70,25,250,50,10,1,2000,20,20000,33,37,1680
k70ksd25kmin17kmax200l1680m250a50b50g1z2000zsd1000zmin1500zmax2500t20n20000s33h0,70,25,250,50,50,1,2000,20,20000,33,0,1680
k70ksd25kmin17kmax200l1680m250a50b50g1z2000zsd1000zmin1500zmax2500t20n20000s33h17,70,25,250,50,50,1,2000,20,20000,33,17,1680
k70ksd25kmin17kmax200l1680m250a50b50g1z2000zsd1000zmin1500zmax2500t20n20000s33h37,70,25,250,50,50,1,2000,20,20000,33,37,1680
k70ksd25kmin17kmax200l1680m250a50b100g1z2000zsd1000zmin1500zmax2500t20n20000s33h0,70,25,250,50,100,1,2000,20,20000,33,0,1680
k70ksd25kmin17kmax200l1680m250a50b100g1z2000zsd1000zmin1500zmax2500t20n20000s33h17,70,25,250,50,100,1,2000,20,20000,33,17,1680
k70ksd25kmin17kmax200l1680m250a50b100g1z2000zsd1000zmin1500zmax2500t20n20000s33h37,70,25,250,50,100,1,2000,20,20000,33,37,1680
k70ksd25kmin17kmax200l1680m250a50b1000g1z2000zsd1000zmin1500zmax2500t20n20000s33h0,70,25,250,50,1000,1,2000,20,20000,33,0,1680
k70ksd25kmin17kmax200l1680m250a50b1000g1z2000zsd1000zmin1500zmax2500t20n20000s33h17,70,25,250,50,1000,1,2000,20,20000,33,17,1680
k70ksd25kmin17kmax200l1680m250a50b1000g1z2000zsd1000zmin1500zmax2500t20n20000s33h37,70,25,250,50,1000,1,2000,20,20000,33,37,1680
k70ksd25kmin17kmax200l1680m250a100b0.1g1z2000zsd1000zmin1500zmax2500t20n20000s33h0,70,25,250,100,0.1,1,2000,20,20000,33,0,1680
k70ksd25kmin17kmax200l1680m250a100b0.1g1z2000zsd1000zmin1500zmax2500t20n20000s33h17,70,25,250,100,0.1,1,2000,20,20000,33,17,1680
k70ksd25kmin17kmax200l1680m250a100b0.1g1z2000zsd1000zmin1500zmax2500t20n20000s33h37,70,25,250,100,0.1,1,2000,20,20000,33,37,1680
k70ksd25kmin17kmax200l1680m250a100b1g1z2000zsd1000zmin1500zmax2500t20n20000s33h0,70,25,250,100,1,1,2000,20,20000,33,0,1680
k70ksd25kmin17kmax200l1680m250a100b1g1z2000zsd1000zmin1500zmax2500t20n20000s33h17,70,25,250,100,1,1,2000,20,20000,33,17,1680
k70ksd25kmin17kmax200l1680m250a100b1g1z2000zsd1000zmin1500zmax2500t20n20000s33h37,70,25,250,100,1,1,2000,20,20000,33,37,1680
k70ksd25kmin17kmax200l1680m250a100b10g1z2000zsd1000zmin1500zmax2500t20n20000s33h0,70,25,250,100,10,1,2000,20,20000,33,0,1680
k70ksd25kmin17kmax200l1680m250a100b10g1z2000zsd1000zmin1500zmax2500t20n20000s33h17,70,25,250,100,10,1,2000,20,20000,33,17,1680
k70ksd25kmin17kmax200l1680m250a100b10g1z2000zsd1000zmin1500zmax2500t20n20000s33h37,70,25,250,100,10,1,2000,20,20000,33,37,1680
k70ksd25kmin17kmax200l1680m250a100b50g1z2000zsd1000zmin1500zmax2500t20n20000s33h0,70,25,250,100,50,1,2000,20,20000,33,0,1680
k70ksd25kmin17kmax200l1680m250a100b50g1z2000zsd1000zmin1500zmax2500t20n20000s33h17,70,25,250,100,50,1,2000,20,20000,33,17,1680
k70ksd25kmin17kmax200l1680m250a100b50g1z2000zsd1000zmin1500zmax2500t20n20000s33h37,70,25,250,100,50,1,2000,20,20000,33,37,1680
k70ksd25kmin17kmax200l1680m250a100b100g1z2000zsd1000zmin1500zmax2500t20n20000s33h0,70,25,250,100,100,1,2000,20,20000,33,0,1680
k70ksd25kmin17kmax200l1680m250a100b100g1z2000zsd1000zmin1500zmax2500t20n20000s33h17,70,25,250,100,100,1,2000,20,20000,33,17,1680
k70ksd25kmin17kmax200l1680m250a100b100g1z2000zsd1000zmin1500zmax2500t20n20000s33h37,70,25,250,100,100,1,2000,20,20000,33,37,1680
k70ksd25kmin17kmax200l1680m250a100b1000g1z2000zsd1000zmin1500zmax2500t20n20000s33h0,70,25,250,100,1000,1,2000,20,20000,33,0,1680
k70ksd25kmin17kmax200l1680m250a100b1000g1z2000zsd1000zmin1500zmax2500t20n20000s33h17,70,25,250,100,1000,1,2000,20,20000,33,17,1680
k70ksd25kmin17kmax200l1680m250a100b1000g1z2000zsd1000zmin1500zmax2500t20n20000s33h37,70,25,250,100,1000,1,2000,20,20000,33,37,1680
k70ksd25kmin17kmax200l1680m250a1000b0.1g1z2000zsd1000zmin1500zmax2500t20n20000s33h0,70,25,250,1000,0.1,1,2000,20,20000,33,0,1680
k70ksd25kmin17kmax200l1680m250a1000b0.1g1z2000zsd1000zmin1500zmax2500t20n20000s33h17,70,25,250,1000,0.1,1,2000,20,20000,33,17,1680
k70ksd25kmin17kmax200l1680m250a1000b0.1g1z2000zsd1000zmin1500zmax2500t20n20000s33h37,70,25,250,1000,0.1,1,2000,20,20000,33,37,1680
k70ksd25kmin17kmax200l1680m250a1000b1g1z2000zsd1000zmin1500zmax2500t20n20000s33h0,70,25,250,1000,1,1,2000,20,20000,33,0,1680
k70ksd25kmin17kmax200l1680m250a1000b1g1z2000zsd1000zmin1500zmax2500t20n20000s33h17,70,25,250,1000,1,1,2000,20,20000,33,17,1680
k70ksd25kmin17kmax200l1680m250a1000b1g1z2000zsd1000zmin1500zmax2500t20n20000s33h37,70,25,250,1000,1,1,2000,20,20000,33,37,1680
k70ksd25kmin17kmax200l1680m250a1000b10g1z2000zsd1000zmin1500zmax2500t20n20000s33h0,70,25,250,1000,10,1,2000,20,20000,33,0,1680
k70ksd25kmin17kmax200l1680m250a1000b10g1z2000zsd1000zmin1500zmax2500t20n20000s33h17,70,25,250,1000,10,1,2000,20,20000,33,17,1680
k70ksd25kmin17kmax200l1680m250a1000b10g1z2000zsd1000zmin1500zmax2500t20n20000s33h37,70,25,250,1000,10,1,2000,20,20000,33,37,1680
k70ksd25kmin17kmax200l1680m250a1000b50g1z2000zsd1000zmin1500zmax2500t20n20000s33h0,70,25,250,1000,50,1,2000,20,20000,33,0,1680
k70ksd25kmin17kmax200l1680m250a1000b50g1z2000zsd1000zmin1500zmax2500t20n20000s33h17,70,25,250,1000,50,1,2000,20,20000,33,17,1680
k70ksd25kmin17kmax200l1680m250a1000b50g1z2000zsd1000zmin1500zmax2500t20n20000s33h37,70,25,250,1000,50,1,2000,20,20000,33,37,1680
k70ksd25kmin17kmax200l1680m250a1000b100g1z2000zsd1000zmin1500zmax2500t20n20000s33h0,70,25,250,1000,100,1,2000,20,20000,33,0,1680
k70ksd25kmin17kmax200l1680m250a1000b100g1z2000zsd1000zmin1500zmax2500t20n20000s33h17,70,25,250,1000,100,1,2000,20,20000,33,17,1680
k70ksd25kmin17kmax200l1680m250a1000b100g1z2000zsd1000zmin1500zmax2500t20n20000s33h37,70,25,250,1000,100,1,2000,20,20000,33,37,1680
k70ksd25kmin17kmax200l1680m250a1000b1000g1z2000zsd1000zmin1500zmax2500t20n20000s33h0,70,25,250,1000,1000,1,2000,20,20000,33,0,1680
k70ksd25kmin17kmax200l1680m250a1000b1000g1z2000zsd1000zmin1500zmax2500t20n20000s33h17,70,25,250,1000,1000,1,2000,20,20000,33,17,1680
k70ksd25kmin17kmax200l1680m250a1000b1000g1z2000zsd1000zmin1500zmax2500t20n20000s33h37,70,25,250,1000,1000,1,2000,20,20000,33,37,1680
